molecule_chembl_id,canonical_smiles,standard_value,standard_units,standard_relation,pchembl_value,bioactivity_class,pIC50,MW,LogP,NumHDonors,NumHAcceptors
CHEMBL2424677,CCN1Cc2ccc(NC(=O)c3ccc(C(=O)N4CCC(C5CCCN5)CC4)c(Nc4ccccc4)c3)cc2C1,10000.0,nM,>,,inactive,5.0,537.7080000000002,5.622200000000006,3,5
CHEMBL2426376,CCN1Cc2ccc(NC(=O)c3ccc(C(=O)N4CCC(C5CCCN5)CC4)cc3Nc3ccccc3)cc2C1,10000.0,nM,>,,inactive,5.0,537.7080000000002,5.622200000000006,3,5
CHEMBL2426375,CCN1Cc2ccc(NC(=O)c3ccc(C(=O)N4CCC(C5CCCN5)CC4)cc3)cc2C1,10000.0,nM,>,,inactive,5.0,446.5950000000003,3.878600000000003,2,4
CHEMBL2426374,CCN1Cc2ccc(NC(=O)c3ccc(C(=O)N4CC5CCC(C4)C5N4CCCC4)cc3)cc2C1,10000.0,nM,>,,inactive,5.0,472.6330000000004,4.220800000000004,1,4
CHEMBL2426373,CCN1Cc2ccc(NC(=O)c3ccc(C(=O)N4CCC(N5CCCC5)CC4)cc3)cc2C1,10000.0,nM,>,,inactive,5.0,446.59500000000037,3.9748000000000037,1,4
CHEMBL2426368,O=C(c1ccc(C(=O)N2CCC(N3CCCC3)CC2)c(-c2ccccc2)c1)N1CCC(N2CCCC2)CC1,10000.0,nM,>,,inactive,5.0,514.7140000000003,4.754400000000005,0,4
CHEMBL2426367,O=C(c1ccc(C(=O)N2CCC(N3CCCC3)CC2)c(Oc2ccccc2)c1)N1CCC(N2CCCC2)CC1,10000.0,nM,>,,inactive,5.0,530.7130000000002,4.879700000000005,0,5
CHEMBL2426366,O=C(c1ccc(C(=O)N2CCC(N3CCCC3)CC2)c(Cc2ccccc2)c1)N1CCC(N2CCCC2)CC1,10000.0,nM,>,,inactive,5.0,528.7410000000002,4.678200000000005,0,4
CHEMBL2426365,O=C(c1ccc(C(=O)N2CCC(N3CCCC3)CC2)c(NCc2ccccc2)c1)N1CCC(N2CCCC2)CC1,10000.0,nM,>,,inactive,5.0,543.7560000000001,4.699500000000005,1,5
CHEMBL2426364,O=C(c1ccc(C(=O)N2CCC(N3CCCC3)CC2)c(Nc2ccccc2)c1)N1CCC(N2CCCC2)CC1,10000.0,nM,>,,inactive,5.0,529.7290000000002,4.831000000000005,1,5
CHEMBL2426363,O=C(c1ccc(C(=O)N2CCC(N3CCCC3)CC2)s1)N1CCC(N2CCCC2)CC1,10000.0,nM,>,,inactive,5.0,444.6450000000003,3.148900000000002,0,5
CHEMBL2426362,O=C(c1ccc(C(=O)N2CCC(N3CCCC3)CC2)o1)N1CCC(N2CCCC2)CC1,10000.0,nM,>,,inactive,5.0,428.57700000000034,2.6804000000000006,0,5
CHEMBL2426361,O=C(c1ccc2cc(C(=O)N3CCC(N4CCCC4)CC3)ccc2c1)N1CCC(N2CCCC2)CC1,10000.0,nM,>,,inactive,5.0,488.67600000000044,4.240600000000004,0,4
CHEMBL2426360,O=C(c1ccc(C(=O)N2CCC(N3CCCC3)CC2)c2ccccc12)N1CCC(N2CCCC2)CC1,10000.0,nM,>,,inactive,5.0,488.6760000000004,4.240600000000004,0,4
CHEMBL2426359,Cc1cc(C(=O)N2CCC(N3CCCC3)CC2)c(C)cc1C(=O)N1CCC(N2CCCC2)CC1,10000.0,nM,>,,inactive,5.0,466.6700000000004,3.704240000000003,0,4
CHEMBL2426358,O=C(c1c(F)c(F)c(C(=O)N2CCC(N3CCCC3)CC2)c(F)c1F)N1CCC(N2CCCC2)CC1,10000.0,nM,>,,inactive,5.0,510.5760000000005,3.6438000000000033,0,4
CHEMBL2426478,Nc1cc(C(=O)N2CCC(N3CCCC3)CC2)ccc1C(=O)N1CCC(N2CCCC2)CC1,10000.0,nM,>,,inactive,5.0,453.63100000000037,2.6696,1,5
CHEMBL2426477,O=C(c1ccc(C(=O)N2CCC(N3CCCC3)CC2)c([N+](=O)[O-])c1)N1CCC(N2CCCC2)CC1,10000.0,nM,>,,inactive,5.0,483.6130000000004,2.9956000000000014,0,6
CHEMBL2426476,O=C(c1ccc(C(=O)N2CCC(N3CCCC3)CC2)c(Br)c1)N1CCC(N2CCCC2)CC1,10000.0,nM,>,,inactive,5.0,517.5120000000003,3.8499000000000034,0,4
CHEMBL2424678,O=C(c1ccc(C(=O)N2CCC(N3CCCC3)CC2)nc1)N1CCC(N2CCCC2)CC1,10000.0,nM,>,,inactive,5.0,439.6040000000003,2.4824,0,5
CHEMBL2426475,CN(C)C1CCN(C(=O)c2ccc(C(=O)N3CCC(N(C)C)CC3)cc2)CC1,10000.0,nM,>,,inactive,5.0,386.5400000000002,2.019,0,4
CHEMBL2426474,O=C(c1ccc(C(=O)N2CCC(N3CCCCC3)CC2)cc1)N1CCC(N2CCCCC2)CC1,10000.0,nM,>,,inactive,5.0,466.6700000000004,3.867600000000003,0,4
CHEMBL2426473,CN1CCCC1C1CCN(C(=O)c2ccc(C(=O)N3CCC(C4CCCN4C)CC3)cc2)CC1,10000.0,nM,>,,inactive,5.0,466.6700000000004,3.5794000000000024,0,4
CHEMBL2426472,O=C(c1ccc(C(=O)N2CCC(C3CCCN3)CC2)cc1)N1CCC(C2CCCN2)CC1,10000.0,nM,>,,inactive,5.0,438.61600000000027,2.8950000000000014,2,4
CHEMBL2426471,O=C(c1ccc(C(=O)N2CCC(N3CCC3)CC2)cc1)N1CCC(N2CCC2)CC1,10000.0,nM,>,,inactive,5.0,410.56200000000024,2.3072,0,4
CHEMBL2426470,O=C(c1ccc(C(=O)N2CC3CCC(C2)C3N2CCCC2)cc1)N1CC2CCC(C1)C2N1CCCC1,10000.0,nM,>,,inactive,5.0,490.6920000000004,3.5794000000000024,0,4
CHEMBL2426469,O=C(c1ccc(C(=O)N2CCCC(N3CCCC3)CC2)cc1)N1CCCC(N2CCCC2)CC1,10000.0,nM,>,,inactive,5.0,466.6700000000004,3.867600000000003,0,4
CHEMBL2426468,CN1CCN2CC(NC(=O)c3ccc(C(=O)N4CCC(N5CCCC5)CC4)cc3)CC2C1,10000.0,nM,>,,inactive,5.0,439.6040000000004,1.5051000000000025,1,5
CHEMBL2426467,O=C(c1ccc(C(=O)N2CC3CNCC3C2)cc1)N1CCC(N2CCCC2)CC1,10000.0,nM,>,,inactive,5.0,396.5350000000003,1.6783999999999997,1,4
CHEMBL2426466,O=C(c1ccc(C(=O)N2CCC3(CCNC3)CC2)cc1)N1CCC(N2CCCC2)CC1,10000.0,nM,>,,inactive,5.0,424.5890000000003,2.6027000000000005,1,4
CHEMBL2426465,O=C(c1ccc(C(=O)N2CCC3(CCNC3)C2)cc1)N1CCC(N2CCCC2)CC1,10000.0,nM,>,,inactive,5.0,410.5620000000003,2.2125999999999992,1,4
CHEMBL2426464,O=C(c1ccc(C(=O)N2CC3(CCNC3)C2)cc1)N1CCC(N2CCCC2)CC1,10000.0,nM,>,,inactive,5.0,396.5350000000003,1.8224999999999993,1,4
CHEMBL2426463,O=C(NCCCN1CCCC1)c1ccc(C(=O)N2CCC(N3CCCC3)CC2)cc1,10000.0,nM,>,,inactive,5.0,412.5780000000004,2.6026999999999996,1,4
CHEMBL2426462,O=C(c1ccc(C(=O)N2CCC(N3CCCC3)C2)cc1)N1CCC(N2CCCC2)CC1,10000.0,nM,>,,inactive,5.0,424.5890000000003,2.697300000000001,0,4
CHEMBL2426461,O=C(c1ccc(C(=O)N2CC(N3CCCC3)C2)cc1)N1CCC(N2CCCC2)CC1,10000.0,nM,>,,inactive,5.0,410.5620000000003,2.3072,0,4
CHEMBL2426496,O=C(c1ccc(C(=O)N2CCC(N3CCCC3)CC2)cc1)N1CCCC(N2CCCC2)CC1,10000.0,nM,>,,inactive,5.0,452.64300000000037,3.4775000000000027,0,4
CHEMBL2426495,O=C(c1ccc(C(=O)N2CC3CCC(C2)C3N2CCCC2)cc1)N1CCC(N2CCCC2)CC1,10000.0,nM,>,,inactive,5.0,464.6540000000004,3.333400000000002,0,4
CHEMBL2426494,CC(C1CCN(C(=O)c2ccc(C(=O)N3CCC(N4CCCC4)CC3)cc2)CC1)N1CCN(C)CC1,10000.0,nM,>,,inactive,5.0,495.71200000000056,2.8751000000000033,0,5
CHEMBL2426493,CN1CCC(N2CCN(C(=O)c3ccc(C(=O)N4CCC(N5CCCC5)CC4)cc3)CC2)CC1,10000.0,nM,>,,inactive,5.0,467.6580000000005,2.2390000000000008,0,5
CHEMBL2426492,O=C(c1ccc(C(=O)N2CCN(C3CCCC3)CC2)cc1)N1CCC(N2CCCC2)CC1,10000.0,nM,>,,inactive,5.0,438.6160000000003,3.0874000000000015,0,4
CHEMBL2426491,O=C(c1ccc(C(=O)N2CCC(N3CCCC3)CC2)cc1)N1CCC(C2CCNCC2)CC1,10000.0,nM,>,,inactive,5.0,452.6430000000003,3.238800000000002,1,4
CHEMBL2426490,O=C(c1ccc(C(=O)N2CCC(N3CCCC3)CC2)cc1)N1CCC(C2CCCN2)CC1,10000.0,nM,>,,inactive,5.0,438.61600000000027,2.991200000000002,1,4
CHEMBL2426489,C[N+]1(C2CCN(C(=O)c3ccc(C(=O)N4CCC(N5CCCC5)CC4)cc3)CC2)CCCC1,10000.0,nM,>,,inactive,5.0,453.6510000000005,3.232000000000001,0,3
CHEMBL2426488,CN(C)C1CCN(C(=O)c2ccc(C(=O)N3CCC(N4CCCC4)CC3)cc2)CC1,10000.0,nM,>,,inactive,5.0,412.5780000000003,2.5531999999999995,0,4
CHEMBL2426487,O=C(c1ccc(C(=O)N2CCC(N3CCCC3)CC2)cc1)N1CCC(C2CCCCC2)CC1,10000.0,nM,>,,inactive,5.0,451.65500000000037,4.819500000000005,0,3
CHEMBL2426486,O=C(c1ccc(C(=O)N2CCC(N3CCOCC3)CC2)cc1)N1CCC(N2CCCC2)CC1,10000.0,nM,>,,inactive,5.0,454.61500000000035,2.3237999999999994,0,5
CHEMBL2426485,O=C(c1ccc(C(=O)N2CCC(N3CCCC3)CC2)cc1)N1CCC(N2CCCCCC2)CC1,10000.0,nM,>,,inactive,5.0,466.6700000000004,3.867600000000003,0,4
CHEMBL2426484,O=C(c1ccc(C(=O)N2CCC(N3CCCC3)CC2)cc1)N1CCC(N2CCCCC2)CC1,10000.0,nM,>,,inactive,5.0,452.64300000000037,3.4775000000000027,0,4
CHEMBL2426483,O=C(c1ccc(CN2CCC(N3CCCC3)CC2)cc1)N1CCC(N2CCCC2)CC1,10000.0,nM,>,,inactive,5.0,424.63300000000027,3.4472000000000023,0,4
CHEMBL2426482,O=C(c1ccc(N2CCC(N3CCCC3)CC2)cc1)N1CCC(N2CCCC2)CC1,10000.0,nM,>,,inactive,5.0,410.6060000000003,3.4516000000000027,0,4
CHEMBL2426481,O=C(c1ccc(S(=O)(=O)N2CCC(N3CCCC3)CC2)cc1)N1CCC(N2CCCC2)CC1,10000.0,nM,>,,inactive,5.0,474.67100000000045,2.6359000000000004,0,5
CHEMBL2426480,O=C(c1ccc(C(=O)N2CCC(N3CCCC3)CC2)c(C(=O)N2CCC(N3CCCC3)CC2)c1)N1CCC(N2CCCC2)CC1,10000.0,nM,>,,inactive,5.0,618.8670000000001,3.7878000000000034,0,6
CHEMBL2426479,O=C(c1ccccc1C(=O)N1CCC(N2CCCC2)CC1)N1CCC(N2CCCC2)CC1,10000.0,nM,>,,inactive,5.0,438.6160000000004,3.0874000000000015,0,4
CHEMBL2426498,O=C(c1ccc(C(=O)N2CCC(N3CCCC3)CC2)cc1)N1CCC(N2CCCC2)CC1,10000.0,nM,>,,inactive,5.0,438.6160000000003,3.0874000000000015,0,4
CHEMBL2426497,O=C(c1cccc(C(=O)N2CCC(N3CCCC3)CC2)c1)N1CCC(N2CCCC2)CC1,10000.0,nM,>,,inactive,5.0,438.6160000000003,3.0874000000000015,0,4
CHEMBL1235119,O=C(c1cncc(Br)c1)N1CCC(N2CCCC2)CC1,10000.0,nM,>,,inactive,5.0,338.24900000000025,2.5445,0,3
CHEMBL3134130,Clc1cc(N2CCC(N3CCCC3)CC2)ccc1CCN1CCCC1,30000.0,nM,>,,inactive,4.522878745280337,361.9610000000002,4.042900000000003,0,3
CHEMBL3134129,c1cc(N2CCC(N3CCCC3)CC2)ccc1CCN1CC2(COC2)C1,30000.0,nM,>,,inactive,4.522878745280337,355.5260000000002,2.6259000000000015,0,4
CHEMBL3134128,c1cc(N2CCC(N3CCCC3)CC2)ccc1CCN1CCC2(C1)OCCO2,30000.0,nM,>,,inactive,4.522878745280337,385.55200000000025,2.7425000000000015,0,5
CHEMBL3134127,c1cc(N2CCC(N3CCCC3)CC2)ccc1CCN1CCOCC1,30000.0,nM,>,,inactive,4.522878745280337,343.51500000000016,2.6259000000000015,0,4
CHEMBL3134126,c1cc(N2CCC(N3CCCC3)CC2)ccc1CCN1CCCCC1,30000.0,nM,>,,inactive,4.522878745280337,341.5430000000002,3.779600000000003,0,3
CHEMBL3134125,c1cc(N2CCC(N3CCCC3)CC2)ccc1CCN1CCCCCC1,30000.0,nM,>,,inactive,4.522878745280337,355.5700000000002,4.169700000000003,0,3
CHEMBL3134146,OCC1(CO)CN(CCc2ccc(N3CCC(N4CCCC4)CC3)cc2)C1,30000.0,nM,>,,inactive,4.522878745280337,373.5410000000003,1.580299999999999,2,5
CHEMBL3134145,FC1(F)CN(CCc2ccc(N3CCC(N4CCCC4)CC3)cc2)C1,30000.0,nM,>,,inactive,4.522878745280337,349.4690000000002,3.244600000000002,0,3
CHEMBL3134144,c1cc(N2CCC(N3CCCC3)CC2)ccc1CCN1CCC1,30000.0,nM,>,,inactive,4.522878745280337,313.4890000000001,2.9994000000000014,0,3
CHEMBL3134143,O=C1CCN(CCc2ccc(N3CCC(N4CCCC4)CC3)cc2)C1,30000.0,nM,>,,inactive,4.522878745280337,341.4990000000002,2.5685000000000002,0,4
CHEMBL3134142,N#CC1CCN(CCc2ccc(N3CCC(N4CCCC4)CC3)cc2)C1,30000.0,nM,>,,inactive,4.522878745280337,352.52600000000024,3.1391800000000014,0,4
CHEMBL3134141,c1ccc(N2CCC(N3CCCC3)CC2)cc1,30000.0,nM,>,,inactive,4.522878745280337,230.35499999999993,2.7512000000000008,0,2
CHEMBL3134140,c1cc(N2CCC(N3CCCC3)CC2)ccc1N1CCC(N2CCCC2)CC1,30000.0,nM,>,,inactive,4.522878745280337,382.5960000000003,3.815800000000003,0,4
CHEMBL3134139,O=C(c1cccc(N2CCC(N3CCCC3)CC2)c1)N1CCCC1,30000.0,nM,>,,inactive,4.522878745280337,327.4720000000001,2.9872000000000014,0,3
CHEMBL3134138,O=C(CCc1ccc(N2CCC(N3CCCC3)CC2)cc1)N1CCCC1,30000.0,nM,>,,inactive,4.522878745280337,355.5260000000001,3.3062000000000022,0,3
CHEMBL3134137,c1cc(CN2CCCC2)ccc1CCN1CCCC1,30000.0,nM,>,,inactive,4.522878745280337,258.409,2.920700000000002,0,2
CHEMBL3134136,c1cc(CN2CCCC2)cc(N2CCC(N3CCCC3)CC2)c1,30000.0,nM,>,,inactive,4.522878745280337,313.48900000000015,3.347000000000002,0,3
CHEMBL3134135,c1cc(CCN2CCCC2)cc(N2CCC(N3CCCC3)CC2)c1,30000.0,nM,>,,inactive,4.522878745280337,327.5160000000002,3.3895000000000026,0,3
CHEMBL3134134,c1cc(N2CCC(N3CCCC3)CC2)ccc1CCCN1CCCC1,30000.0,nM,>,,inactive,4.522878745280337,341.5430000000002,3.779600000000003,0,3
CHEMBL3134133,c1cc(N2CCC(N3CCCC3)CC2)ccc1CN1CCCC1,30000.0,nM,>,,inactive,4.522878745280337,313.4890000000001,3.347000000000002,0,3
CHEMBL3134132,c1cc(N2CCC(N3CCCCC3)CC2)ccc1CCN1CCCC1,30000.0,nM,>,,inactive,4.522878745280337,341.5430000000002,3.779600000000003,0,3
CHEMBL2426364,O=C(c1ccc(C(=O)N2CCC(N3CCCC3)CC2)c(Nc2ccccc2)c1)N1CCC(N2CCCC2)CC1,30000.0,nM,>,,inactive,4.522878745280337,529.7290000000002,4.831000000000005,1,5
CHEMBL2426474,O=C(c1ccc(C(=O)N2CCC(N3CCCCC3)CC2)cc1)N1CCC(N2CCCCC2)CC1,30000.0,nM,>,,inactive,4.522878745280337,466.6700000000004,3.867600000000003,0,4
CHEMBL1235119,O=C(c1cncc(Br)c1)N1CCC(N2CCCC2)CC1,30000.0,nM,>,,inactive,4.522878745280337,338.24900000000025,2.5445,0,3
CHEMBL3134131,c1cc(N2CCC(N3CCCC3)CC2)ccc1CCN1CCCC1,30000.0,nM,>,,inactive,4.522878745280337,327.51600000000013,3.3895000000000026,0,3
CHEMBL2426498,O=C(c1ccc(C(=O)N2CCC(N3CCCC3)CC2)cc1)N1CCC(N2CCCC2)CC1,30000.0,nM,>,,inactive,4.522878745280337,438.6160000000003,3.0874000000000015,0,4
