canonical_smiles,molecule_chembl_id,pchembl_value,relation,standard_relation,standard_units,standard_value,units,value
CCN1Cc2ccc(NC(=O)c3ccc(C(=O)N4CCC(C5CCCN5)CC4)c(Nc4ccccc4)c3)cc2C1,CHEMBL2424677,,>,>,nM,10000.0,uM,10.0
CCN1Cc2ccc(NC(=O)c3ccc(C(=O)N4CCC(C5CCCN5)CC4)cc3Nc3ccccc3)cc2C1,CHEMBL2426376,,>,>,nM,10000.0,uM,10.0
CCN1Cc2ccc(NC(=O)c3ccc(C(=O)N4CCC(C5CCCN5)CC4)cc3)cc2C1,CHEMBL2426375,,>,>,nM,10000.0,uM,10.0
CCN1Cc2ccc(NC(=O)c3ccc(C(=O)N4CC5CCC(C4)C5N4CCCC4)cc3)cc2C1,CHEMBL2426374,,>,>,nM,10000.0,uM,10.0
CCN1Cc2ccc(NC(=O)c3ccc(C(=O)N4CCC(N5CCCC5)CC4)cc3)cc2C1,CHEMBL2426373,,>,>,nM,10000.0,uM,10.0
O=C(c1ccc(C(=O)N2CCC(N3CCCC3)CC2)c(-c2ccccc2)c1)N1CCC(N2CCCC2)CC1,CHEMBL2426368,,>,>,nM,10000.0,uM,10.0
O=C(c1ccc(C(=O)N2CCC(N3CCCC3)CC2)c(Oc2ccccc2)c1)N1CCC(N2CCCC2)CC1,CHEMBL2426367,,>,>,nM,10000.0,uM,10.0
O=C(c1ccc(C(=O)N2CCC(N3CCCC3)CC2)c(Cc2ccccc2)c1)N1CCC(N2CCCC2)CC1,CHEMBL2426366,,>,>,nM,10000.0,uM,10.0
O=C(c1ccc(C(=O)N2CCC(N3CCCC3)CC2)c(NCc2ccccc2)c1)N1CCC(N2CCCC2)CC1,CHEMBL2426365,,>,>,nM,10000.0,uM,10.0
O=C(c1ccc(C(=O)N2CCC(N3CCCC3)CC2)c(Nc2ccccc2)c1)N1CCC(N2CCCC2)CC1,CHEMBL2426364,,>,>,nM,10000.0,uM,10.0
O=C(c1ccc(C(=O)N2CCC(N3CCCC3)CC2)s1)N1CCC(N2CCCC2)CC1,CHEMBL2426363,,>,>,nM,10000.0,uM,10.0
O=C(c1ccc(C(=O)N2CCC(N3CCCC3)CC2)o1)N1CCC(N2CCCC2)CC1,CHEMBL2426362,,>,>,nM,10000.0,uM,10.0
O=C(c1ccc2cc(C(=O)N3CCC(N4CCCC4)CC3)ccc2c1)N1CCC(N2CCCC2)CC1,CHEMBL2426361,,>,>,nM,10000.0,uM,10.0
O=C(c1ccc(C(=O)N2CCC(N3CCCC3)CC2)c2ccccc12)N1CCC(N2CCCC2)CC1,CHEMBL2426360,,>,>,nM,10000.0,uM,10.0
Cc1cc(C(=O)N2CCC(N3CCCC3)CC2)c(C)cc1C(=O)N1CCC(N2CCCC2)CC1,CHEMBL2426359,,>,>,nM,10000.0,uM,10.0
O=C(c1c(F)c(F)c(C(=O)N2CCC(N3CCCC3)CC2)c(F)c1F)N1CCC(N2CCCC2)CC1,CHEMBL2426358,,>,>,nM,10000.0,uM,10.0
Nc1cc(C(=O)N2CCC(N3CCCC3)CC2)ccc1C(=O)N1CCC(N2CCCC2)CC1,CHEMBL2426478,,>,>,nM,10000.0,uM,10.0
O=C(c1ccc(C(=O)N2CCC(N3CCCC3)CC2)c([N+](=O)[O-])c1)N1CCC(N2CCCC2)CC1,CHEMBL2426477,,>,>,nM,10000.0,uM,10.0
O=C(c1ccc(C(=O)N2CCC(N3CCCC3)CC2)c(Br)c1)N1CCC(N2CCCC2)CC1,CHEMBL2426476,,>,>,nM,10000.0,uM,10.0
O=C(c1ccc(C(=O)N2CCC(N3CCCC3)CC2)nc1)N1CCC(N2CCCC2)CC1,CHEMBL2424678,,>,>,nM,10000.0,uM,10.0
CN(C)C1CCN(C(=O)c2ccc(C(=O)N3CCC(N(C)C)CC3)cc2)CC1,CHEMBL2426475,,>,>,nM,10000.0,uM,10.0
O=C(c1ccc(C(=O)N2CCC(N3CCCCC3)CC2)cc1)N1CCC(N2CCCCC2)CC1,CHEMBL2426474,,>,>,nM,10000.0,uM,10.0
CN1CCCC1C1CCN(C(=O)c2ccc(C(=O)N3CCC(C4CCCN4C)CC3)cc2)CC1,CHEMBL2426473,,>,>,nM,10000.0,uM,10.0
O=C(c1ccc(C(=O)N2CCC(C3CCCN3)CC2)cc1)N1CCC(C2CCCN2)CC1,CHEMBL2426472,,>,>,nM,10000.0,uM,10.0
O=C(c1ccc(C(=O)N2CCC(N3CCC3)CC2)cc1)N1CCC(N2CCC2)CC1,CHEMBL2426471,,>,>,nM,10000.0,uM,10.0
O=C(c1ccc(C(=O)N2CC3CCC(C2)C3N2CCCC2)cc1)N1CC2CCC(C1)C2N1CCCC1,CHEMBL2426470,,>,>,nM,10000.0,uM,10.0
O=C(c1ccc(C(=O)N2CCCC(N3CCCC3)CC2)cc1)N1CCCC(N2CCCC2)CC1,CHEMBL2426469,,>,>,nM,10000.0,uM,10.0
CN1CCN2CC(NC(=O)c3ccc(C(=O)N4CCC(N5CCCC5)CC4)cc3)CC2C1,CHEMBL2426468,,>,>,nM,10000.0,uM,10.0
O=C(c1ccc(C(=O)N2CC3CNCC3C2)cc1)N1CCC(N2CCCC2)CC1,CHEMBL2426467,,>,>,nM,10000.0,uM,10.0
O=C(c1ccc(C(=O)N2CCC3(CCNC3)CC2)cc1)N1CCC(N2CCCC2)CC1,CHEMBL2426466,,>,>,nM,10000.0,uM,10.0
O=C(c1ccc(C(=O)N2CCC3(CCNC3)C2)cc1)N1CCC(N2CCCC2)CC1,CHEMBL2426465,,>,>,nM,10000.0,uM,10.0
O=C(c1ccc(C(=O)N2CC3(CCNC3)C2)cc1)N1CCC(N2CCCC2)CC1,CHEMBL2426464,,>,>,nM,10000.0,uM,10.0
O=C(NCCCN1CCCC1)c1ccc(C(=O)N2CCC(N3CCCC3)CC2)cc1,CHEMBL2426463,,>,>,nM,10000.0,uM,10.0
O=C(c1ccc(C(=O)N2CCC(N3CCCC3)C2)cc1)N1CCC(N2CCCC2)CC1,CHEMBL2426462,,>,>,nM,10000.0,uM,10.0
O=C(c1ccc(C(=O)N2CC(N3CCCC3)C2)cc1)N1CCC(N2CCCC2)CC1,CHEMBL2426461,,>,>,nM,10000.0,uM,10.0
O=C(c1ccc(C(=O)N2CCC(N3CCCC3)CC2)cc1)N1CCCC(N2CCCC2)CC1,CHEMBL2426496,,>,>,nM,10000.0,uM,10.0
O=C(c1ccc(C(=O)N2CC3CCC(C2)C3N2CCCC2)cc1)N1CCC(N2CCCC2)CC1,CHEMBL2426495,,>,>,nM,10000.0,uM,10.0
CC(C1CCN(C(=O)c2ccc(C(=O)N3CCC(N4CCCC4)CC3)cc2)CC1)N1CCN(C)CC1,CHEMBL2426494,,>,>,nM,10000.0,uM,10.0
CN1CCC(N2CCN(C(=O)c3ccc(C(=O)N4CCC(N5CCCC5)CC4)cc3)CC2)CC1,CHEMBL2426493,,>,>,nM,10000.0,uM,10.0
O=C(c1ccc(C(=O)N2CCN(C3CCCC3)CC2)cc1)N1CCC(N2CCCC2)CC1,CHEMBL2426492,,>,>,nM,10000.0,uM,10.0
O=C(c1ccc(C(=O)N2CCC(N3CCCC3)CC2)cc1)N1CCC(C2CCNCC2)CC1,CHEMBL2426491,,>,>,nM,10000.0,uM,10.0
O=C(c1ccc(C(=O)N2CCC(N3CCCC3)CC2)cc1)N1CCC(C2CCCN2)CC1,CHEMBL2426490,,>,>,nM,10000.0,uM,10.0
C[N+]1(C2CCN(C(=O)c3ccc(C(=O)N4CCC(N5CCCC5)CC4)cc3)CC2)CCCC1,CHEMBL2426489,,>,>,nM,10000.0,uM,10.0
CN(C)C1CCN(C(=O)c2ccc(C(=O)N3CCC(N4CCCC4)CC3)cc2)CC1,CHEMBL2426488,,>,>,nM,10000.0,uM,10.0
O=C(c1ccc(C(=O)N2CCC(N3CCCC3)CC2)cc1)N1CCC(C2CCCCC2)CC1,CHEMBL2426487,,>,>,nM,10000.0,uM,10.0
O=C(c1ccc(C(=O)N2CCC(N3CCOCC3)CC2)cc1)N1CCC(N2CCCC2)CC1,CHEMBL2426486,,>,>,nM,10000.0,uM,10.0
O=C(c1ccc(C(=O)N2CCC(N3CCCC3)CC2)cc1)N1CCC(N2CCCCCC2)CC1,CHEMBL2426485,,>,>,nM,10000.0,uM,10.0
O=C(c1ccc(C(=O)N2CCC(N3CCCC3)CC2)cc1)N1CCC(N2CCCCC2)CC1,CHEMBL2426484,,>,>,nM,10000.0,uM,10.0
O=C(c1ccc(CN2CCC(N3CCCC3)CC2)cc1)N1CCC(N2CCCC2)CC1,CHEMBL2426483,,>,>,nM,10000.0,uM,10.0
O=C(c1ccc(N2CCC(N3CCCC3)CC2)cc1)N1CCC(N2CCCC2)CC1,CHEMBL2426482,,>,>,nM,10000.0,uM,10.0
O=C(c1ccc(S(=O)(=O)N2CCC(N3CCCC3)CC2)cc1)N1CCC(N2CCCC2)CC1,CHEMBL2426481,,>,>,nM,10000.0,uM,10.0
O=C(c1ccc(C(=O)N2CCC(N3CCCC3)CC2)c(C(=O)N2CCC(N3CCCC3)CC2)c1)N1CCC(N2CCCC2)CC1,CHEMBL2426480,,>,>,nM,10000.0,uM,10.0
O=C(c1ccccc1C(=O)N1CCC(N2CCCC2)CC1)N1CCC(N2CCCC2)CC1,CHEMBL2426479,,>,>,nM,10000.0,uM,10.0
O=C(c1ccc(C(=O)N2CCC(N3CCCC3)CC2)cc1)N1CCC(N2CCCC2)CC1,CHEMBL2426498,,>,>,nM,10000.0,uM,10.0
O=C(c1cccc(C(=O)N2CCC(N3CCCC3)CC2)c1)N1CCC(N2CCCC2)CC1,CHEMBL2426497,,>,>,nM,10000.0,uM,10.0
O=C(c1cncc(Br)c1)N1CCC(N2CCCC2)CC1,CHEMBL1235119,,>,>,nM,10000.0,uM,10.0
Clc1cc(N2CCC(N3CCCC3)CC2)ccc1CCN1CCCC1,CHEMBL3134130,,>,>,nM,30000.0,uM,30.0
c1cc(N2CCC(N3CCCC3)CC2)ccc1CCN1CC2(COC2)C1,CHEMBL3134129,,>,>,nM,30000.0,uM,30.0
c1cc(N2CCC(N3CCCC3)CC2)ccc1CCN1CCC2(C1)OCCO2,CHEMBL3134128,,>,>,nM,30000.0,uM,30.0
c1cc(N2CCC(N3CCCC3)CC2)ccc1CCN1CCOCC1,CHEMBL3134127,,>,>,nM,30000.0,uM,30.0
c1cc(N2CCC(N3CCCC3)CC2)ccc1CCN1CCCCC1,CHEMBL3134126,,>,>,nM,30000.0,uM,30.0
c1cc(N2CCC(N3CCCC3)CC2)ccc1CCN1CCCCCC1,CHEMBL3134125,,>,>,nM,30000.0,uM,30.0
OCC1(CO)CN(CCc2ccc(N3CCC(N4CCCC4)CC3)cc2)C1,CHEMBL3134146,,>,>,nM,30000.0,uM,30.0
FC1(F)CN(CCc2ccc(N3CCC(N4CCCC4)CC3)cc2)C1,CHEMBL3134145,,>,>,nM,30000.0,uM,30.0
c1cc(N2CCC(N3CCCC3)CC2)ccc1CCN1CCC1,CHEMBL3134144,,>,>,nM,30000.0,uM,30.0
O=C1CCN(CCc2ccc(N3CCC(N4CCCC4)CC3)cc2)C1,CHEMBL3134143,,>,>,nM,30000.0,uM,30.0
N#CC1CCN(CCc2ccc(N3CCC(N4CCCC4)CC3)cc2)C1,CHEMBL3134142,,>,>,nM,30000.0,uM,30.0
c1ccc(N2CCC(N3CCCC3)CC2)cc1,CHEMBL3134141,,>,>,nM,30000.0,uM,30.0
c1cc(N2CCC(N3CCCC3)CC2)ccc1N1CCC(N2CCCC2)CC1,CHEMBL3134140,,>,>,nM,30000.0,uM,30.0
O=C(c1cccc(N2CCC(N3CCCC3)CC2)c1)N1CCCC1,CHEMBL3134139,,>,>,nM,30000.0,uM,30.0
O=C(CCc1ccc(N2CCC(N3CCCC3)CC2)cc1)N1CCCC1,CHEMBL3134138,,>,>,nM,30000.0,uM,30.0
c1cc(CN2CCCC2)ccc1CCN1CCCC1,CHEMBL3134137,,>,>,nM,30000.0,uM,30.0
c1cc(CN2CCCC2)cc(N2CCC(N3CCCC3)CC2)c1,CHEMBL3134136,,>,>,nM,30000.0,uM,30.0
c1cc(CCN2CCCC2)cc(N2CCC(N3CCCC3)CC2)c1,CHEMBL3134135,,>,>,nM,30000.0,uM,30.0
c1cc(N2CCC(N3CCCC3)CC2)ccc1CCCN1CCCC1,CHEMBL3134134,,>,>,nM,30000.0,uM,30.0
c1cc(N2CCC(N3CCCC3)CC2)ccc1CN1CCCC1,CHEMBL3134133,,>,>,nM,30000.0,uM,30.0
c1cc(N2CCC(N3CCCCC3)CC2)ccc1CCN1CCCC1,CHEMBL3134132,,>,>,nM,30000.0,uM,30.0
O=C(c1ccc(C(=O)N2CCC(N3CCCC3)CC2)c(Nc2ccccc2)c1)N1CCC(N2CCCC2)CC1,CHEMBL2426364,,>,>,nM,30000.0,uM,30.0
O=C(c1ccc(C(=O)N2CCC(N3CCCCC3)CC2)cc1)N1CCC(N2CCCCC2)CC1,CHEMBL2426474,,>,>,nM,30000.0,uM,30.0
O=C(c1cncc(Br)c1)N1CCC(N2CCCC2)CC1,CHEMBL1235119,,>,>,nM,30000.0,uM,30.0
c1cc(N2CCC(N3CCCC3)CC2)ccc1CCN1CCCC1,CHEMBL3134131,,>,>,nM,30000.0,uM,30.0
O=C(c1ccc(C(=O)N2CCC(N3CCCC3)CC2)cc1)N1CCC(N2CCCC2)CC1,CHEMBL2426498,,>,>,nM,30000.0,uM,30.0
O=C(c1ccc(C(=O)N2CCC(N3CCCC3)CC2)c(Nc2ccccc2)c1)N1CCC(N2CCCC2)CC1,CHEMBL2426364,,>,>,nM,30000.0,uM,30.0
O=C(c1ccc(C(=O)N2CCC(N3CCCCC3)CC2)cc1)N1CCC(N2CCCCC2)CC1,CHEMBL2426474,,>,>,nM,30000.0,uM,30.0
